,name,sequence,clip_score,tox_score,tox_prediction,tox_PPV
0,id_2_0,LQPKPQPLLPYGCGGS,0.9626578092575072,0.57,Toxin,0.585237
1,id_2_1,LFTNVVALPFVPTVK,0.954173743724823,0.185,Non-Toxin,0.1101085
2,id_2_2,LRQLPYRLGLIVLCI,0.8775432705879211,0.44,Non-Toxin,0.42480400000000007
3,id_2_3,CNLSGLAIMMVPMIG,0.845845103263855,0.485,Non-Toxin,0.4803385
4,id_2_4,MFVTQVWWDDKHTFVL,0.8180251121520996,0.215,Non-Toxin,0.1471315
