,name,sequence,clip_score
0,id_2_0,LQPKPQPLLPYGCGGS,0.9626578092575073
1,id_2_1,LFTNVVALPFVPTVK,0.954173743724823
2,id_2_2,LRQLPYRLGLIVLCI,0.8775432705879211
3,id_2_3,CNLSGLAIMMVPMIG,0.845845103263855
4,id_2_4,MFVTQVWWDDKHTFVL,0.8180251121520996
